text,label
这个页面的售后体验明显更稳定了，比上次版本好不少。,normal
想约的话晚上来找我，还能继续发成人资源，主页还有更多。,sexual
终于把 bug 修好了，准备发版。,normal
这次直播的售后体验用起来挺舒服，适合日常使用。,normal
最近老有人在私发擦边写真，想看的自己私聊，晚上更精彩。,sexual
揣着明白装糊涂。黑命贵这种暴力组织就是极端PC的产物，而亚裔从来不被包含在PC之内，亚裔尤其是华裔可以说是PC的受害者，,abuse
这份方案的包装细节用起来挺舒服，比上次版本好不少。,normal
这次更新的包装细节用起来挺舒服，比上次版本好不少。,normal
这问题就是“中国”有哪些恐怖“民俗”，重点是中国民俗。民俗民俗，总得有个地方吧，这只是某个地方的民俗而已，不明白某些动辄骂人的人怎么想的。只能听自己当地的好，,abuse
这个版本的音质表现明显更稳定了，准备继续用一段时间。,normal
这套键盘的加载速度比之前顺畅很多，准备继续用一段时间。,normal
前面那个邻居确实是无奈了。但应付相亲和离开男友有啥自私的人家花自己钱给狗治病啊男方说的着吗,abuse
代写作业接急单的可以加v cyd7873，新手也能做。,ad
私聊里会继续发成人资源，想看的自己私聊，看完记得删。,sexual
我可没有去侮辱别人。无论男女。 女性也存在对女性的侮辱，这一点你可以去微博看看。 这依然是一个素质问题。女性也有骂人娘炮的，这跟素质关系更大。,abuse
主页动态里都是成人视频，看完记得删。,sexual
这篇教程的整体设计明显更稳定了，今天终于顺利跑通了。,normal
没什么大惊小怪的，美剧歧视亚裔是再正常不过的，不歧视反而不正常，既然乐意看就忍着，忍不了就别看，既不是拍给亚洲人看的，又没人逼着看美剧，事实证明，,abuse
QQ咨询zbs4949，了解代理项目，当天结算。,ad
这次更新的售后体验明显更稳定了，比上次版本好不少。,normal
加vxdo4934，加入返利活动，稳定回本。,ad
其实如果家暴的话，就算男的瘦一般女人也还是打不过的吧。,abuse
这个账号一直在发擦边写真，想看的自己私聊，晚上更精彩。,sexual
这个页面的售后体验用起来挺舒服，适合日常使用。,normal
想赚钱的可以来咨询，领取优惠券，适合学生和宝妈。,ad
这个版本的售后体验明显更稳定了，比上次版本好不少。,normal
私聊我看成人资源，晚上更精彩。,sexual
这个页面的整体设计明显更稳定了，今天终于顺利跑通了。,normal
想看更刺激的内容就私信。,sexual
黑人被歧视，说真的，是他们自己有问题。,abuse
。。。天哪，这个男生好恶心。。。。,abuse
QQ咨询zbs4949，加入返利活动，当天结算。,ad
四川人骂人，各种生殖器可还行,abuse
台湾人看得起看不起真没人在乎,abuse
这篇教程的加载速度明显更稳定了，今天终于顺利跑通了。,normal
代写作业接急单这边长期有，做校园代理的可做，细节私聊再说。,ad
评论区留vxdo4934，代写作业接急单，稳定回本。,ad
歧视黑人是有理由的，就像不喜欢日本人一样,abuse
私聊里会继续发约会暗示，想看的自己私聊，看完记得删。,sexual
这个页面的响应效率比之前顺畅很多，比上次版本好不少。,normal
想赚钱的看我主页，代写作业接急单，量大优惠。,ad
黑人种族歧视问题是敏感 你怎么不去骂黑人？这边连夸个中学生都要踩女大学生 你就过来骂女权 归根结底还是女性没黑人拳头硬呗,abuse
我们也不成天骂人家日本鬼子,abuse
vx联系:ods3917，领取优惠券，当天就能开始。,ad
最近老有人在私发约会暗示，晚上更精彩。,sexual
孩子，你选个黑人就算了，还tm是个强奸犯？,abuse
这家面包店新出的芝士包很好吃。,normal
咨询清仓处理这边长期有，需要副业的可做，不方便公开展开说。,ad
这个教程写得很清楚，适合新手入门。,normal
这次直播的响应效率用起来挺舒服，准备继续用一段时间。,normal
评论区有人卖福利视频，评论区别问太细。,sexual
领取优惠券的可以私信留联系方式 bkc7500，长期可做。,ad
QQ咨询:mgq2490，低价拿货，不方便公开展开说。,ad
现在获取信息的渠道多了！也应该会理解美国到底是怎样的国家了！在美国，当警察也是很危险的，基本上人人都有枪！换我，我也这样搞黑人！本来美国白人就是歧视黑人，,abuse
重庆人表示那些女生吵架的时候时不时挂在嘴边,abuse
扫码进群:mgq2490，领取优惠券，懂行的都知道。,ad
这次直播的讲解节奏用起来挺舒服，今天终于顺利跑通了。,normal
私聊里会继续发私房图，评论区别问太细。,sexual
我是你哥的话我会打到你吐血，没出息的家伙，没个男人样，留不住女人怪谁？,abuse
这个版本的响应效率用起来挺舒服，准备继续用一段时间。,normal
我在成都上学，明显感受到山东人，想融入成渝文化生活，非常困难,abuse
这个功能的加载速度用起来挺舒服，后面可以继续跟进。,normal
加v:xdo4934，加入返利活动，细节私聊再说。,ad
vx联系:bkc7500，咨询清仓处理，当天就能开始。,ad
呵呵，一句话就证明了你们广东人比较排外，素质差，你也是没谁了～,abuse
扫码进群:zbs4949，代写作业接急单，懂行的都知道。,ad
感动中国16年了15年都有河南人，你凭什么这样搞，还想住欧洲是吧，赶紧走，还没见日本人杀人，你配做中国人吗，你配几把,abuse
扫码进群gne8259，加入返利活动，名额有限。,ad
重女轻男真的跟重男轻女一样恶心,abuse
这个页面的加载速度用起来挺舒服，后面可以继续跟进。,normal
QQ咨询:gne8259，领取优惠券，不方便公开展开说。,ad
做校园代理的私聊我，领取优惠券，支持远程操作，量大优惠。,ad
这个直播间总在暗示成人资源，主页还有更多。,sexual
最他妈讨厌黑人了,abuse
想看私密内容的来找我，这边有私密照片，懂的自己来。,sexual
今晚可以单独约，想看约会暗示就私聊，看完记得删。,sexual
上海妹子表示从没歧视过别人的我经常被歧视一脸，然而我已经几乎放弃了讲道理，上海大概是全中国人民的公敌,abuse
最近老有人在私发成人视频，晚上更精彩。,sexual
最近老有人在私发成人资源，想看的自己私聊，晚上更精彩。,sexual
加入返利活动的可以加微信 ods3917，手把手带。,ad
领取优惠券的可以加微信 jll3530，新手也能做。,ad
低价拿货的可以vx联系 jll3530，新手也能做。,ad
这份方案的售后体验比之前顺畅很多，后面可以继续跟进。,normal
我觉得他们是真正的性别歧视，潜意识里或者接受的教育就认为女性的价值就是有婚姻体现的，是他们自己往那个方向想的。,abuse
扫码进群gne8259，咨询兼职日结，名额有限。,ad
她主页全是成人资源，想看的自己私聊，不方便公开说。,sexual
这个课程的加载速度用起来挺舒服，后面可以继续跟进。,normal
奥巴马应该从来都没有说过他为自己是黑人而感到羞愧吧，这个人去参加竞选总统也是个笑话了,abuse
在家什么都不做，每天喝喝下午茶做做指甲，老公还宠的不要不要的太太们，不是因为她们老公有钱。,abuse
QQ咨询mgq2490，低价拿货，今天截止。,ad
直接招呼他一句黑鬼，一句思来服，你看他怎么样，在中国，听到尼哥而打人是要被抓起来的，,abuse
这个直播间总在暗示私房图，晚上更精彩。,sexual
不方便公开聊的内容私下说，还能继续发暧昧聊天，只发熟人。,sexual
不懂就问，如果女权举报画正常的十八禁的中国作者，那么是否我们应该反对呢，毕竟没有血腥暴力，靠传播淫秽信息牟利也是违法的,abuse
如果找另一半不是处女就傻了，那得死多少人！现在的女的谁还不谈几个男朋友，而且越是二手货还越贵，结婚都是天价彩礼,abuse
私信聊更刺激的话题，还能继续发私房图，晚上更精彩。,sexual
这套键盘的音质表现用起来挺舒服，今天终于顺利跑通了。,normal
这么恶心的男的，处了四年没发觉？,abuse
这款耳机的售后体验用起来挺舒服，适合日常使用。,normal
想赚钱的看我主页，咨询清仓处理，当天结算。,ad
评论区有人卖成人视频，评论区别问太细。,sexual
加微信:mgq2490，购买涨粉引流服务，细节私聊再说。,ad
你真的是直男？？？？！,abuse
有人在群里推暧昧聊天，评论区别问太细。,sexual
私信留联系方式:zbs4949，购买涨粉引流服务，适合学生和宝妈。,ad
安徽人的落后主要是思想落后,abuse
加微xdo4934，领取优惠券，稳定回本。,ad
这个版本的稳定性比之前顺畅很多，比上次版本好不少。,normal
这个版本的整体设计比之前顺畅很多，准备继续用一段时间。,normal
民族尊严是坚决捍卫自己国家和人民，不是看别人国家乱党吃瓜群众！假如别人国家不乱了，心理还能偷偷乐吗？应该站出来集体反抗那些损害我们民族尊严的任何人，黑人白人，,abuse
这份方案的加载速度用起来挺舒服，后面可以继续跟进。,normal
想看福利视频的私聊，还能继续发成人视频，主页还有更多。,sexual
天啊年少不懂事的时候看觉得哇怎么会有书桓这么好的男人到现在才搞懂剧情的我非常恶心这种人,abuse
私信留联系方式ods3917，低价拿货，手把手带。,ad
这款耳机的加载速度明显更稳定了，今天终于顺利跑通了。,normal
这篇教程的整体设计比之前顺畅很多，准备继续用一段时间。,normal
这次直播的稳定性用起来挺舒服，准备继续用一段时间。,normal
他是小偷啊，就该被打死……记，广西被打死的偷狗贼,abuse
QQ咨询xdo4934，购买涨粉引流服务，稳定回本。,ad
懂的来主页看图，想看成人资源就私聊，看完记得删。,sexual
今天开会把需求重新梳理了一遍。,normal
这个群里全是擦边福利视频。,sexual
就是歧视黑人,abuse
这篇教程的音质表现用起来挺舒服，今天终于顺利跑通了。,normal
知道有种行为叫我可以骂而你不能骂么？你说人家齐达是他家乡，所以他就只能爱护着不能骂，要我，我只敢黑自己家乡不敢黑别的地方，要是黑河南，不就是地域黑了？,abuse
加vxdo4934，咨询清仓处理，稳定回本。,ad
懂的来主页看图，想看暧昧聊天就私聊，看完记得删。,sexual
这款耳机的包装细节用起来挺舒服，比上次版本好不少。,normal
这个功能的操作流程用起来挺舒服，比上次版本好不少。,normal
私信聊更刺激的话题，想看福利视频就私聊，主页还有更多。,sexual
我从没见过谁嘲笑山东话河南话土，不要自己竖个靶子自己打。反感东北话是必须的，谁叫大碴子味充斥所有公共频道，强行往耳朵里灌。,abuse
想看福利视频的私聊，想看成人视频就私聊，主页还有更多。,sexual
需要副业的可以来咨询，咨询兼职日结，不方便公开展开说。,ad
这家店的服务的交互反馈比之前顺畅很多，适合日常使用。,normal
哈哈哈。很恶心。觉得你是东北人,abuse
加微cyd7873，咨询兼职日结，新手也能做。,ad
我觉得你做的没问题，那么假如你回国了，能不能如实告诉打算做你男朋友的男性你在留学时很喜欢和别人玩一玩？万一男的不喜欢呢？你要是不告诉人家是不是就太婊了？,abuse
想赚钱的看我主页，领取优惠券，名额有限。,ad
需要副业的私聊我，低价拿货，支持远程操作，名额有限。,ad
想赚钱的私聊我，领取优惠券，支持远程操作，名额有限。,ad
这个账号一直在发福利视频，想看的自己私聊，晚上更精彩。,sexual
好好生活，女权陪舔狗，虽然很奇怪。但不失一种生活方式。男女平等，,abuse
这我不能接受。一部电视剧里没有黑人角色就是歧视黑人？这跟我们的抗日剧里没有斧头帮就不准上映一样滑稽。,abuse
兄弟你看过那个非洲社会哥（一黑人小孩）汉语骂人的视频吗？兄弟你觉得粤语骂的话花样是不是会多一点呢，没普通话骂人的话那么单调。,abuse
"潮汕女子贤良淑德,要娶就娶潮汕女子.",abuse
最近老有人在私发暧昧聊天，想看的自己私聊，晚上更精彩。,sexual
这家店的服务的整体设计比之前顺畅很多，后面可以继续跟进。,normal
购买涨粉引流服务的可以评论区留v cyd7873，新手也能做。,ad
黑人和拉美人又穷又臭又闲，自然没人招惹他们，亚裔都是有家有产有文化，赚钱都赚不完，不愿跟着其他少数族裔疯，所以政治疲软，白人很多地方竞争不过亚裔，所以玩命打压,abuse
做校园代理的私聊我，低价拿货，支持远程操作，当天结算。,ad
真就全世界压迫女性,abuse
可你不是北京人，排外很严重,abuse
你以后结婚，被你老公打了，你不会离婚?离婚不是反抗?你是离婚还是把火发孩子身上？我不是为了证明我是好人，但你替这种女人说话，其心可诛,abuse
嗯...丑的像个女生..,abuse
私信聊更刺激的话题，想看擦边写真就私聊，主页还有更多。,sexual
招加盟代理，全国都可以做。,ad
有人在群里推约会暗示，评论区别问太细。,sexual
做校园代理的看我主页，代写作业接急单，新手也能做。,ad
vx联系:jll3530，低价拿货，当天就能开始。,ad
如果有，请明确指出。你那句话是指向了所有女性个体，但是杰出的女性科学家算什么？你所歧视的群体里有大量的比你优秀的人。,abuse
她主页全是暧昧聊天，想看的自己私聊，不方便公开说。,sexual
并未在剧中发现对憨的种族歧视的任何台词，受歧视的只是三寸钉，和是不是亚裔无关，,abuse
到现在我都没看明白，嫁给黑人的女子咋滴他了，虽然我本人也看不上黑人！觉得丑，懒，笨！但是也只能说明一个问题，人家宁可嫁黑人都不嫁周围的本国男性，,abuse
他视频最后还给那个键盘侠喷黑人的评论点了个赞,abuse
她主页全是福利视频，不方便公开说。,sexual
这家店的服务的售后体验比之前顺畅很多，适合日常使用。,normal
私信留联系方式:mgq2490，咨询清仓处理，适合学生和宝妈。,ad
我怀疑你歧视女性，为什么女人只能绣军鞋不能打鬼子？看到你的话，我大冷天的浑身发烫口干舌燥，地狱空荡荡，鬼子在人间，我们女性何时才能真正的站起来[滑稽],abuse
所以你是多讨厌那个男生,abuse
这套键盘的讲解节奏比之前顺畅很多，适合日常使用。,normal
小口吃已经不是瞧不起农民和山东人这么简单了，这完全就是阶级矛盾,abuse
就这，还有人给男足洗地说男足牛逼，女足垃圾的，,abuse
这份方案的响应效率用起来挺舒服，准备继续用一段时间。,normal
今晚有人一起暧昧聊天吗？,sexual
想约的话晚上来找我，想看私房图就私聊，晚上更精彩。,sexual
做校园代理的可以来咨询，咨询清仓处理，有兴趣直接来问。,ad
这次更新的交互反馈比之前顺畅很多，后面可以继续跟进。,normal
这次直播的操作流程明显更稳定了，后面可以继续跟进。,normal
这个直播间总在暗示擦边写真，想看的自己私聊，主页还有更多。,sexual
黑人部分素质低有很大一部分是因为传承的问题导致的，毕竟被白人奴役了这么久，教育传承少了好多年，,abuse
咨询清仓处理的可以评论区留v qxl7957，量大优惠。,ad
这次直播的稳定性比之前顺畅很多，比上次版本好不少。,normal
需要副业的看我主页，加入返利活动，量大优惠。,ad
坏的江西人真是处心积虑，肆无忌惮，满身流坏水那种的坏。,abuse
私信留联系方式zbs4949，购买涨粉引流服务，当天结算。,ad
了解代理项目的可以vx联系 bkc7500，长期可做。,ad
想看私密内容的来找我，还能继续发暧昧聊天，懂的自己来。,sexual
黄种人就是劣等啊，不信你问你的老板，你要是敢逾越阶级，很多人顶替你的位置还干的比你好。不行就换嘛。你说你有多高级。,abuse
她主页全是擦边写真，想看的自己私聊，不方便公开说。,sexual
你能把个例和普遍性现象说成一样吗？黑人群体的艾滋是不是大名鼎鼎？能和别的个例一样处理吗？这里我也没兴趣谈白人和性工作者,abuse
人们都想揪出一个绑架虐待女性的犯罪分子来批斗,abuse
特别讨厌她！别人说她跳的不好还要怼回去，还要拉黑人家，恶心,abuse
这篇教程的加载速度比之前顺畅很多，准备继续用一段时间。,normal
今天的会议的整体设计用起来挺舒服，比上次版本好不少。,normal
她主页全是约会暗示，想看的自己私聊，不方便公开说。,sexual
私信留联系方式:mgq2490，了解代理项目，适合学生和宝妈。,ad
想看福利视频的私聊，这边有成人资源，主页还有更多。,sexual
无语了，不说广东话会被歧视，过分了,abuse
这次更新的加载速度用起来挺舒服，后面可以继续跟进。,normal
呃呃呃 我还是删了吧 这个例子举的不好....可能东北太官僚了 想赚学生钱,abuse
这个功能的稳定性用起来挺舒服，准备继续用一段时间。,normal
我敢说只要被采访的男生说ktv陪酒的都是biao子，或者鸡之类的话，保证被一些女的喷死，搞不好还要被人肉,abuse
兼职刷单日结，宝妈学生都能做。,ad
这篇教程的音质表现比之前顺畅很多，适合日常使用。,normal
评论区真是吓人，那么多人给男的洗白吗？迫不及待地把自己代入了视频中男性的角色，然后就是 暴力有理 ，妻子烦了你就要打回去。真是叹为观止。,abuse
做校园代理的私聊我，加入返利活动，支持远程操作，稳定回本。,ad
这个直播间总在暗示暧昧聊天，主页还有更多。,sexual
今天的会议的稳定性用起来挺舒服，今天终于顺利跑通了。,normal
评论区留v:qxl7957，咨询清仓处理，有兴趣直接来问。,ad
美国的媒体对于白人种族歧视黑人一样严厉谴责网络围攻，如果平台不管，那游戏氛围就乌烟瘴气了,abuse
这个页面的包装细节明显更稳定了，后面可以继续跟进。,normal
vx联系mgq2490，代写作业接急单，今天截止。,ad
懂的来主页看图，这边有成人资源，看完记得删。,sexual
这次直播的交互反馈明显更稳定了，比上次版本好不少。,normal
这篇教程的响应效率用起来挺舒服，准备继续用一段时间。,normal
那女的上来直接来句西北人野蛮又牲性，真不知道是哪来的地域黑。,abuse
这款耳机的操作流程用起来挺舒服，比上次版本好不少。,normal
这个版本的加载速度明显更稳定了，今天终于顺利跑通了。,normal
我只是觉得竟然还有女性认为你像个女孩一样这种话不是歧视。,abuse
想看私密内容的来找我，想看私密照片就私聊，懂的自己来。,sexual
这套键盘的操作流程用起来挺舒服，比上次版本好不少。,normal
他们从58内部拿的你的电话 然后主动联系你 公司是一个小公司 并不在58上注册 特别恶心 北京有很多,abuse
需要副业的私聊我，代写作业接急单，支持远程操作，稳定回本。,ad
我坦白了，我不歧视黑人，我只是单纯的讨厌而已[大笑],abuse
扫码进群:bkc7500，低价拿货，懂行的都知道。,ad
这个账号一直在发暧昧聊天，晚上更精彩。,sexual
vx联系:bkc7500，加入返利活动，当天就能开始。,ad
代写作业接急单的可以QQ咨询 qxl7957，量大优惠。,ad
这次直播的响应效率明显更稳定了，适合日常使用。,normal
购买涨粉引流服务这边长期有，需要副业的可做，细节私聊再说。,ad
最近老美那边亚裔被袭击被歧视的事件报道居然八成来自黑人！一成来自韩国！服了,abuse
这次更新的音质表现用起来挺舒服，今天终于顺利跑通了。,normal
河南人跳出来承认这边超生真的挺多的，可能郑州管的还比较严，但是其他地方特别是农村超生很普遍。所以。。。这个不算地域黑吧,abuse
完全不能苟同，黑人不好看不是审美问题，而是事实,abuse
今天的会议的讲解节奏明显更稳定了，今天终于顺利跑通了。,normal
如果没有河南人，你确认其它人接手做这些工作就素质很高，你不见影视圈为了上位陪吃陪睡也很普遍？鸡鸣狗盗就是高素质？,abuse
最近老有人在私发成人视频，想看的自己私聊，晚上更精彩。,sexual
[好奇][好奇][好奇]怎么都是直男？这样的女的不配拥有存在感？,abuse
今晚可以单独约，想看私房图就私聊，评论区别问太细。,sexual
那是因为默认女生打不过男生，平时打骂男生的时候没人当回事，到底多疼只有男生知道,abuse
需要副业的看我主页，低价拿货，名额有限。,ad
瞧不起河南人吗？还是地域黑,abuse
评论区有人卖成人资源，评论区别问太细。,sexual
我也是河南人…不偷井盖，关键别人掉进去怎么办，我弟就经历过,abuse
主页动态里都是福利视频，想看的自己私聊，看完记得删。,sexual
这次更新的响应效率比之前顺畅很多，比上次版本好不少。,normal
以我的想法，男女对立还会越来越多越来越恶劣，新生代的独生女会越来越极端。,abuse
需要副业的可以来咨询，领取优惠券，懂行的都知道。,ad
这篇教程的售后体验比之前顺畅很多，后面可以继续跟进。,normal
这个回答很专业，学到了不少。,normal
这个账号一直在发成人视频，想看的自己私聊，晚上更精彩。,sexual
这个版本的讲解节奏比之前顺畅很多，适合日常使用。,normal
这个版本的交互反馈比之前顺畅很多，后面可以继续跟进。,normal
想约的话晚上来找我，想看约会暗示就私聊，主页还有更多。,sexual
自轻自贱男性也很多，這点承认。前几年总觉得小我个8、9岁的年轻愤青很差劲，见多了反而越发觉得这些愤青起码真正算是认同国人的。,abuse
返利活动开始了，拉人就有奖励。,ad
这个页面的交互反馈比之前顺畅很多，后面可以继续跟进。,normal
但你知道现在的人为什么歧视黑人吗？网上查查黑人来到中国后所做的暴行以及法律对他们的判决之轻你就知道了,abuse
私聊里会继续发约会暗示，看完记得删。,sexual
vx联系:gne8259，购买涨粉引流服务，当天就能开始。,ad
私信聊更刺激的话题，这边有成人资源，主页还有更多。,sexual
代写作业接急单的可以扫码进群 zbs4949，当天结算。,ad
这个耳机降噪不错，通勤用很方便。,normal
不，你喜欢西瓜，是歧视黑人。,abuse
今晚可以单独约，想看擦边写真就私聊，看完记得删。,sexual
华裔是不是也叫chinese？？我就想起上次美联航事件 至少算个asian吧 他们歧视可不是歧视中国人 是歧视整个亚裔,abuse
陕西人都没有艺术天份，虽然有秦腔，然而秦腔一点也不好，比起我们X剧差太远了。,abuse
主页动态里都是成人视频，想看的自己私聊，看完记得删。,sexual
最恶心的就是母亲向儿子索要爱情缺爱找你老公去啊老公管死死的现在又来祸害儿子全天下男人只爱她一个最好了死老太婆赶快原地爆炸吧！,abuse
这款耳机的整体设计比之前顺畅很多，准备继续用一段时间。,normal
有人在群里推私房图，想看的自己私聊，不方便公开说。,sexual
再帮你补充下：事发后广大网友纷纷表示，黑人活该不能呼吸，因为他有足够多的犯罪前科；白人就应该和警察谈笑风生，,abuse
这个版本的加载速度用起来挺舒服，后面可以继续跟进。,normal
这篇教程的操作流程比之前顺畅很多，今天终于顺利跑通了。,normal
扫码进群:gne8259，咨询清仓处理，懂行的都知道。,ad
这个功能的讲解节奏比之前顺畅很多，适合日常使用。,normal
今天的会议的稳定性比之前顺畅很多，适合日常使用。,normal
所以分手是因为她知道河南人不偷井盖后觉得你伤害了她的信仰吗？,abuse
黑命贵，威尔史密斯这级别是请不起的。请得起的黑人都在路人小队里，群众也不会想认识他们。,abuse
想赚钱的可以来咨询，加入返利活动，懂行的都知道。,ad
不想说什么，[衰]部分女性的被害妄想症真的太大了，[衰]说真的，你可以侮辱我的人品，但真的不能侮辱我的品味[衰],abuse
想看福利视频的私聊，想看福利视频就私聊，主页还有更多。,sexual
不要说什么四川人学普通话痛苦，难学。难道广东人学普通话就不难学吗！自己不想做，不想学就用这样的理由，垃圾,abuse
看你这么说我感觉中国社会要倒退了[捂脸]又要回到妇女没解放之前了，不能出去工作，没有受教育资格，只能在家相夫教子，没有经济来源，,abuse
想看私密内容的来找我，这边有私房图，主页还有更多。,sexual
私信留联系方式:mgq2490，咨询兼职日结，适合学生和宝妈。,ad
这款耳机的音质表现比之前顺畅很多，适合日常使用。,normal
QQ咨询gne8259，领取优惠券，名额有限。,ad
想赚钱的可以来咨询，低价拿货，当天就能开始。,ad
今晚可以单独约，还能继续发成人视频，看完记得删。,sexual
vx联系jll3530，低价拿货，新手也能做。,ad
大哥 跟傻逼讲文明是浪费生命 台湾人最擅长贫嘴 还一副很恶心的态度 我都可以写一个“湾湾小恶心装小可爱之自由民主文明礼貌实际骂死你”的句式模版出来了 哈哈哈,abuse
这款耳机的加载速度用起来挺舒服，后面可以继续跟进。,normal
这个版本的稳定性明显更稳定了，适合日常使用。,normal
这套键盘的讲解节奏用起来挺舒服，今天终于顺利跑通了。,normal
私信聊更刺激的话题，还能继续发私密照片，主页还有更多。,sexual
虽然我是女生，但是特别讨厌伪女权。有点脑子就知道不是在说女性，捡骂真的好么,abuse
今晚可以单独约，还能继续发擦边写真，看完记得删。,sexual
喜欢上一个很有潜质弯的直男，他对我很好，但是有女朋友。,abuse
想赚钱的可以来咨询，咨询兼职日结，懂行的都知道。,ad
为了回避黑人起诉闹事的风险,abuse
想约的话晚上来找我，这边有成人视频，主页还有更多。,sexual
私信聊更刺激的话题，想看私密照片就私聊，主页还有更多。,sexual
想看福利视频的私聊，还能继续发暧昧聊天，主页还有更多。,sexual
女拳会大获全胜，舔狗太多了,abuse
私聊里会继续发福利视频，看完记得删。,sexual
加微信:xkp8255，低价拿货，细节私聊再说。,ad
在外国被歧视没办法，在中国不能让这些人放肆,abuse
这个直播间总在暗示成人资源，想看的自己私聊，主页还有更多。,sexual
想看福利视频的私聊，这边有私房图，晚上更精彩。,sexual
就是故意的啊，两个女人都是破斧沉舟的姿态，为了一个渣男,abuse
vx联系:bkc7500，咨询兼职日结，当天就能开始。,ad
今晚可以单独约，这边有擦边写真，看完记得删。,sexual
最不安全，你让我大非洲情何以堪，你是瞧不起我中东地区，还是瞧不起我大印度的男性同胞,abuse
这篇教程的售后体验用起来挺舒服，适合日常使用。,normal
低价拿货这边长期有，需要副业的可做，适合学生和宝妈。,ad
今天的会议的售后体验用起来挺舒服，准备继续用一段时间。,normal
前两天在知乎看见一个帖子，讨论男人出轨原因的，一个女的说他爸出轨是因为她妈脾气太坏（她爸她妈性格都很强势） 结果底下一群人说她爸是好男人她妈活该。,abuse
加微信:bkc7500，代写作业接急单，细节私聊再说。,ad
从这个节目之后，看到那三位所谓好男人，真的有点恶心,abuse
这种低俗挑逗内容应该处理一下。,sexual
这个账号老是在评论区发约会暗示。,sexual
这篇教程的讲解节奏用起来挺舒服，今天终于顺利跑通了。,normal
不方便公开聊的内容私下说，想看福利视频就私聊，只发熟人。,sexual
这家店的服务的加载速度明显更稳定了，比上次版本好不少。,normal
想看福利视频的私聊，还能继续发福利视频，主页还有更多。,sexual
放屁。经常嫖的男女。和人出去上床多了也很同意得艾滋的的。,abuse
天哪！这不是地域歧视吗？！我只是拿河南人来类比而已。你的那句话和前者就是一个意思。,abuse
这个功能的音质表现比之前顺畅很多，适合日常使用。,normal
以前我只知道上海人看不起外地人，只看得起洋人。现在才知道，上海人已经到了觉得买不起上海房子的人都不配生孩子的地步。,abuse
不是单身也被办公室老男人们的黄腔恶心过n次,abuse
这次更新的包装细节比之前顺畅很多，今天终于顺利跑通了。,normal
今天的会议的操作流程用起来挺舒服，适合日常使用。,normal
私信聊更刺激的话题，想看私房图就私聊，晚上更精彩。,sexual
加微信ods3917，咨询兼职日结，手把手带。,ad
懂的来主页看图，还能继续发约会暗示，看完记得删。,sexual
答非所问呢，他做人上有问题你直接黑人品就可以了，扯什么演技 不懂演戏不要凭借臆想乱评价，而且两者没有可比性 崇洋媚外可不好,abuse
没必要分啥真女权假女权，人类就是跟橡皮泥一样可塑性特别强，今天中国的女权就是在中国环境下塑造成的，再进一步去帮助弱小的人不少，只不过这些人都几乎被打压没了,abuse
加微:cyd7873，了解代理项目，当天就能开始。,ad
这套键盘的售后体验比之前顺畅很多，后面可以继续跟进。,normal
她妻子做的没错，你的意思就是被出轨还不能曝光了？这个男的活该，就应该让他身败名裂,abuse
这家店的服务的操作流程比之前顺畅很多，比上次版本好不少。,normal
评论区留v:cyd7873，购买涨粉引流服务，有兴趣直接来问。,ad
一个时代一个玩法，黑人也没在奴隶时代大抗议大抢劫不是？韩裔人更少黑人也不敢去抢。就是因为你这种人多了华裔才会反复被抢。,abuse
vx联系gne8259，购买涨粉引流服务，名额有限。,ad
咨询兼职日结的可以私信留联系方式 mgq2490，今天截止。,ad
西方世界被黑人入侵 法国已经半黑了 下个就是美利坚,abuse
这篇教程的响应效率比之前顺畅很多，比上次版本好不少。,normal
私信留联系方式:gne8259，代写作业接急单，适合学生和宝妈。,ad
加微:xdo4934，领取优惠券，当天就能开始。,ad
这套键盘的稳定性用起来挺舒服，准备继续用一段时间。,normal
华为还不崩啊，还比较远？黑人问号啊。 我好歹也是菊厂的员工，当年对应届生做的事真的是恶心到吐。 为什么你这个回答点赞这么多呢？好神奇哟。海军也来了吗？,abuse
想看私密内容的来找我，这边有成人视频，懂的自己来。,sexual
大多数女人最怕说要自杀的男人,abuse
"女性真的有在职场中受到的“性别歧视”吗？,-,刻意的一生的文章,-,知乎",abuse
重点的约炮的双方都很恶心，怎么有的人就单单指责女的还给人家套上“女权表”的恶名啊？什么都怪女人咯？男的是被迫的咯？神逻辑！,abuse
这套键盘的加载速度明显更稳定了，今天终于顺利跑通了。,normal
这个功能的稳定性明显更稳定了，适合日常使用。,normal
那田园女拳应该去米国起诉拳头怎么尽出些丑英雄，是丑化女性、歧视女性吗？说不定又能得到1000w美元赔偿呢（狗头）,abuse
做校园代理的私聊我，咨询清仓处理，支持远程操作，稳定回本。,ad
这个版本的音质表现用起来挺舒服，今天终于顺利跑通了。,normal
歧视河南人的用过河南奴隶？,abuse
赞同你，爸爸才是最没用懦弱自私的那一个。谁也别说谁，作者看似公道，对母亲怨声载道。还说理解父亲出轨。自己爸爸可是在新婚夜消失的男人。就这样还理解。,abuse
低价拿货这边长期有，做校园代理的可做，懂行的都知道。,ad
QQ咨询qxl7957，代写作业接急单，量大优惠。,ad
这个功能的操作流程明显更稳定了，后面可以继续跟进。,normal
这个版本的包装细节用起来挺舒服，比上次版本好不少。,normal
虽然我是浙江人，但是真的，河南最可怜,abuse
今天的会议的讲解节奏比之前顺畅很多，准备继续用一段时间。,normal
这次更新的响应效率用起来挺舒服，准备继续用一段时间。,normal
评论区有人卖福利视频，想看的自己私聊，评论区别问太细。,sexual
一样女同事说我走路像去打架,abuse
评论区有人卖擦边写真，评论区别问太细。,sexual
想约的话晚上来找我，这边有成人资源，主页还有更多。,sexual
想约的话晚上来找我，想看擦边写真就私聊，主页还有更多。,sexual
这个直播间总在暗示暧昧聊天，想看的自己私聊，主页还有更多。,sexual
有生之年只见过河南人偷井盖，没见过日本人杀人哦,abuse
这个课程的加载速度明显更稳定了，今天终于顺利跑通了。,normal
天，连男人都和女人抢男人。,abuse
懂的来主页看图，还能继续发福利视频，看完记得删。,sexual
这个页面的讲解节奏用起来挺舒服，今天终于顺利跑通了。,normal
QQ咨询:zbs4949，咨询兼职日结，不方便公开展开说。,ad
代写作业接急单的可以vx联系 mgq2490，今天截止。,ad
代写作业接急单这边长期有，想赚钱的可做，不方便公开展开说。,ad
这篇教程的操作流程明显更稳定了，后面可以继续跟进。,normal
想约的话晚上来找我，这边有擦边写真，主页还有更多。,sexual
这套键盘的整体设计明显更稳定了，今天终于顺利跑通了。,normal
这套键盘的操作流程明显更稳定了，后面可以继续跟进。,normal
有人在群里推成人视频，想看的自己私聊，评论区别问太细。,sexual
有人在群里推擦边写真，评论区别问太细。,sexual
这份方案的交互反馈明显更稳定了，比上次版本好不少。,normal
做校园代理的私聊我，咨询兼职日结，支持远程操作，稳定回本。,ad
我也觉得，素质极低，老是问别人要蒜，之前去上海点外卖要蒜别人给他两瓣还嫌弃店家小气。才点了几十块钱难道给你几斤？,abuse
这个功能的包装细节用起来挺舒服，比上次版本好不少。,normal
河南人表示教育资源比较先进可是屁话……,abuse
这个版本的操作流程用起来挺舒服，比上次版本好不少。,normal
这份方案的售后体验用起来挺舒服，适合日常使用。,normal
很简单啊因为台湾人看不懂简体中文啊，然后他们下意识觉得大陆很落后，所以认为我们看不懂中文啊。然鹅，正确的说法应该是，台湾大部分的同胞都看不懂简体中文。,abuse
黑人再怎么反白人，白人起码把黑人当美国人，亚裔特别是华裔再怎么跪舔白人人家都没把他们当人,abuse
这都能扯到直男癌。666,abuse
评论区有人卖私房图，想看的自己私聊，不方便公开说。,sexual
那条微博 浓郁的男性魅力 是从哪里看出来的还是侮辱我们男性？,abuse
上海话还是有用的，但是远远不够强势，整个江浙沪都不够强势，四川重庆那种落后地区，方言那叫一个强势,abuse
这个账号一直在发约会暗示，想看的自己私聊，晚上更精彩。,sexual
这篇教程的响应效率明显更稳定了，适合日常使用。,normal
引流合作看这里，精准粉丝当天到。,ad
答主歧视别人的样子像极了他歧视的黑人歧视别人的亚子,abuse
私聊里会继续发成人视频，看完记得删。,sexual
这份方案的操作流程明显更稳定了，后面可以继续跟进。,normal
只要女性主动报案就是强奸吗？,abuse
私信聊更刺激的话题，这边有成人视频，主页还有更多。,sexual
懂的来主页看图，这边有成人视频，看完记得删。,sexual
加入返利活动的可以加微 cyd7873，新手也能做。,ad
这款耳机的讲解节奏用起来挺舒服，今天终于顺利跑通了。,normal
这个页面的音质表现明显更稳定了，准备继续用一段时间。,normal
今晚可以单独约，想看成人资源就私聊，看完记得删。,sexual
这套键盘的响应效率比之前顺畅很多，比上次版本好不少。,normal
现实里你要用打架证明自己？印度人？,abuse
这个课程的加载速度比之前顺畅很多，准备继续用一段时间。,normal
讲真的，我觉得拐卖妇女儿童激起的民愤可能不像你想象的那么大,abuse
想约的话晚上来找我，还能继续发暧昧聊天，主页还有更多。,sexual
黑人不是反对歧视，黑人仅仅反对歧视黑人，老黑也照样对黄种人不友好,abuse
这个页面的整体设计用起来挺舒服，后面可以继续跟进。,normal
指出问题谁说你了？别人恶心的事是你虚构事实罢了。如果那个杨同学说北京估计也就是围观罢了。,abuse
这个页面的讲解节奏明显更稳定了，准备继续用一段时间。,normal
加微:bpa5929，购买涨粉引流服务，当天就能开始。,ad
这份方案的售后体验明显更稳定了，比上次版本好不少。,normal
上海人，一般看不起打老婆的男人。正常情况下，如果周围是上海老头老太，都会谴责男的和女方家。,abuse
做校园代理的私聊我，了解代理项目，支持远程操作，稳定回本。,ad
她主页全是成人视频，不方便公开说。,sexual
这里的问题是女孩要是真能做个薄情寡义的人也就好了 实际上她始终割舍不下家庭，也就一直被吸血,abuse
这家店的服务的操作流程用起来挺舒服，准备继续用一段时间。,normal
咨询兼职日结这边长期有，需要副业的可做，不方便公开展开说。,ad
这种事别的大公司也不少，爱奇艺歧视河南人和美团事件不用多说了吧，都不干净,abuse
这份方案的包装细节比之前顺畅很多，今天终于顺利跑通了。,normal
加微cyd7873，咨询清仓处理，新手也能做。,ad
懂的来主页看图，还能继续发成人视频，看完记得删。,sexual
这款耳机的音质表现用起来挺舒服，今天终于顺利跑通了。,normal
这款耳机的交互反馈明显更稳定了，比上次版本好不少。,normal
这次更新的操作流程明显更稳定了，后面可以继续跟进。,normal
最近老有人在私发约会暗示，想看的自己私聊，晚上更精彩。,sexual
幼稚，恶贯满盈的是人，而不是宗教。各行各业都有败类出现，你这个思路跟河南人都偷井盖有什么区别？,abuse
今天的会议的响应效率明显更稳定了，准备继续用一段时间。,normal
这个功能的交互反馈用起来挺舒服，适合日常使用。,normal
这个页面的操作流程用起来挺舒服，比上次版本好不少。,normal
私信聊更刺激的话题，这边有约会暗示，主页还有更多。,sexual
今天的会议的稳定性明显更稳定了，准备继续用一段时间。,normal
华为不宣传，你有好东西藏着不让大家知道，别家大肆宣传就开始蹭热度，恶心。华为宣传了，华而不实为所欲为，海军又沸腾了,abuse
这次更新的音质表现明显更稳定了，准备继续用一段时间。,normal
加微:qxl7957，低价拿货，当天就能开始。,ad
这个页面的售后体验比之前顺畅很多，后面可以继续跟进。,normal
评论区留vqxl7957，咨询清仓处理，量大优惠。,ad
这份方案的音质表现比之前顺畅很多，适合日常使用。,normal
想赚钱的看我主页，加入返利活动，当天结算。,ad
这个版本的交互反馈用起来挺舒服，适合日常使用。,normal
这套键盘的响应效率明显更稳定了，适合日常使用。,normal
做校园代理的可以来咨询，领取优惠券，不方便公开展开说。,ad
这份方案的稳定性比之前顺畅很多，比上次版本好不少。,normal
事实上，某些平台的极端言论确实折射出如此恐怖的理念，尤其还不能理性沟通。只要一旦表明身份为男，下场便是遭到无端的谩骂。,abuse
江西人表示完全不是，身边所有人，同学朋友亲戚，对南昌都是讨厌鄙视,abuse
无知就不要乱猜。当时欧洲人奴役黑人是因为缺乏生产力。外星人如果这样干比美国人去抢劫古巴还搞笑。,abuse
不太可能吧，你地又唔系大陆，大陆有墙，你地上网乜都查到，我之前一直都无出过广东，我都唔会认为大陆咁落后,abuse
加微信bkc7500，代写作业接急单，长期可做。,ad
这个页面的音质表现用起来挺舒服，今天终于顺利跑通了。,normal
想约的话晚上来找我，想看成人资源就私聊，主页还有更多。,sexual
主页动态里都是成人资源，看完记得删。,sexual
这家店的服务的包装细节用起来挺舒服，准备继续用一段时间。,normal
看来你就是个女的啊你这么了解女的！是你自己嫁给黑人了？原来是以己度人啊！,abuse
什么，男女在同一个学校上学？！！！这成何体统！男女居然都能看见对方的脸，还坐在同一个房间！思想何其肮脏！简直是文明的倒退，人类的耻辱！,abuse
懂的来主页看图，想看福利视频就私聊，看完记得删。,sexual
想看福利视频的私聊，还能继续发约会暗示，主页还有更多。,sexual
这让我想起西方人称亚洲人为黄种人，是因为黄在西方是弱小和带病的意思，有歧视的意味，倒是中国人文化里面黄色是高贵，,abuse
老哥，我还是不太同意你的观点，虽说男男的传播成功率比较大，但是哪有那么多男男？男男传播不可能让艾滋的携带率变得这么大,abuse
强奸对女生伤害大，出轨对男方伤害大。,abuse
加微cyd7873，了解代理项目，新手也能做。,ad
私信聊更刺激的话题，还能继续发成人视频，主页还有更多。,sexual
这份方案的讲解节奏用起来挺舒服，今天终于顺利跑通了。,normal
这篇教程的包装细节明显更稳定了，后面可以继续跟进。,normal
这次更新的响应效率明显更稳定了，适合日常使用。,normal
加微:zom5794，代写作业接急单，当天就能开始。,ad
买粉涨赞加vx咨询，稳定靠谱。,ad
这款耳机的稳定性比之前顺畅很多，比上次版本好不少。,normal
哈哈大家开玩笑都说，黑人的危险程度跟他们的裤裆高低成反比，裤裆越低越危险。几年前听过圣路易斯有黑人暴动，不知道现在治安怎样了,abuse
生平最讨厌东北人虎，安徽人野，浙江人精小气,abuse
了解代理项目的可以评论区留v qxl7957，量大优惠。,ad
这份方案的加载速度比之前顺畅很多，准备继续用一段时间。,normal
想看私密内容的来找我，这边有擦边写真，懂的自己来。,sexual
课程限时优惠，扫码进群了解。,ad
"额,美军在韩国并不像美军在日本那样有治外法权,要是犯了强奸杀人斗殴之类的罪行是要在韩国坐牢的...",abuse
我认同你的观点，但是我同时认为如果是黑人，穆斯林 芝加哥的警察不会敢这么直接的使用暴力，至少是在对方没有任何暴力倾向的情况下。,abuse
vx联系:bkc7500，了解代理项目，当天就能开始。,ad
好是好，为什么你的女性角色就一定要被轮奸,abuse
好的，我受邀。 是这样的，我就是一个低学历普通打工的农村大龄单身女青年。,abuse
评论区有人卖私密照片，评论区别问太细。,sexual
需要副业的可以来咨询，购买涨粉引流服务，细节私聊再说。,ad
想约的话晚上来找我，这边有私密照片，主页还有更多。,sexual
售后态度很好，没有推诿。,normal
想看福利视频的私聊，想看擦边写真就私聊，主页还有更多。,sexual
其实我觉得只要一说 河南人 这三个字就会戳到你的痛点啊。何必在意呢？我经常和室友开玩笑 看井盖~。人家也不生气啊~哪儿没个黑点,abuse
我遇到的河南人，黑东北黑武汉黑广东，所以我黑河南[微笑][微笑][微笑],abuse
想看私密内容的来找我，这边有暧昧聊天，懂的自己来。,sexual
加微qxl7957，低价拿货，量大优惠。,ad
对于所有的伤害自己的人，当然是谁好下手惩罚谁啊。真有那么多为什么，怎么不问为什么拐卖妇女,abuse
今天的会议的包装细节比之前顺畅很多，后面可以继续跟进。,normal
加微信:ods3917，加入返利活动，细节私聊再说。,ad
主页动态里都是暧昧聊天，想看的自己私聊，看完记得删。,sexual
跟东北人有什么关系，关键是打人了,abuse
加vzom5794，购买涨粉引流服务，手把手带。,ad
这篇教程的加载速度用起来挺舒服，后面可以继续跟进。,normal
这个直播间总在暗示福利视频，想看的自己私聊，主页还有更多。,sexual
想约的话晚上来找我，还能继续发私密照片，主页还有更多。,sexual
这次直播的包装细节比之前顺畅很多，今天终于顺利跑通了。,normal
如果是男的，问他喜不喜欢男人，不喜欢，好，性别歧视使劲盖他。女的反之。,abuse
这不是地域黑是什么，东北人吃你家大米了,abuse
了解代理项目这边长期有，想赚钱的可做，懂行的都知道。,ad
直男会想:恶心才对吧！！而且我没有弯！,abuse
男的玩软辅犯罪呢？,abuse
加vxdo4934，咨询兼职日结，稳定回本。,ad
扫码进群:qxl7957，购买涨粉引流服务，懂行的都知道。,ad
做校园代理的可以来咨询，购买涨粉引流服务，当天就能开始。,ad
私信聊更刺激的话题，还能继续发约会暗示，主页还有更多。,sexual
发点私密照让我看看。,sexual
私信聊更刺激的话题，想看约会暗示就私聊，主页还有更多。,sexual
新版本修复了闪退问题，体验好多了。,normal
这套键盘的整体设计用起来挺舒服，后面可以继续跟进。,normal
私信聊更刺激的话题，还能继续发福利视频，主页还有更多。,sexual
这个版本的整体设计用起来挺舒服，后面可以继续跟进。,normal
这次更新的稳定性比之前顺畅很多，比上次版本好不少。,normal
但是如果按你这么说，现实如果是十三个骗子中有2-3个河南的，是不是就能说明问题了？,abuse
作为河南人远嫁的我，天天面对周围许许多多的虚伪与冷嘲热讽，经常想念家乡人的纯朴，直率！,abuse
很像骗子这个男人,abuse
我对贤惠本不反感，但是因为我爸妈总是说XX会”执家“（他们说的执家也是贤惠吧），我现在听到执家就烦。,abuse
这套键盘的包装细节比之前顺畅很多，今天终于顺利跑通了。,normal
二手手机清仓，批发价处理。,ad
这家店的服务的整体设计明显更稳定了，比上次版本好不少。,normal
私信留联系方式mgq2490，咨询清仓处理，今天截止。,ad
低价拿货的可以加微信 xkp8255，稳定回本。,ad
这次更新的讲解节奏明显更稳定了，准备继续用一段时间。,normal
私聊里会继续发暧昧聊天，想看的自己私聊，看完记得删。,sexual
这款耳机的售后体验明显更稳定了，比上次版本好不少。,normal
这个功能的整体设计用起来挺舒服，后面可以继续跟进。,normal
加v:cyd7873，代写作业接急单，细节私聊再说。,ad
她主页全是暧昧聊天，不方便公开说。,sexual
关键是欧美的黑人想看这样的，白人要是真来个科技发达文明昌盛的黑人国家，搞不好黑人还会控诉他们歧视黑人忽视传统,abuse
这款耳机的稳定性用起来挺舒服，准备继续用一段时间。,normal
这套键盘的售后体验用起来挺舒服，适合日常使用。,normal
这款耳机的包装细节明显更稳定了，后面可以继续跟进。,normal
。。。你多看两部电影就知道了啊，我看了无数部电影里情侣吵架男的都what'swrongwithyou，翻译也是你有什么毛病？,abuse
低价拿货的可以加v zbs4949，当天结算。,ad
今晚可以单独约，这边有成人资源，看完记得删。,sexual
她主页全是擦边写真，不方便公开说。,sexual
最近老有人在私发成人资源，晚上更精彩。,sexual
不是我种族歧视 黑人确实是低等人种 犯罪率高,abuse
又是“不要一棍子打死所有人”！事情不是发生在你身上当然可以这么说！发生在你家姑娘身上呢？这个帖子不是让大家一起歧视黑人，而是拉响警报，对黑人保持警惕和距离！,abuse
扫码进群gne8259，咨询清仓处理，名额有限。,ad
扫码进群qxl7957，购买涨粉引流服务，量大优惠。,ad
加微信领取优惠券，今天最后一天。,ad
如果这是权衡利弊后大家选择欺负柳岩貌似更加恶心，捡软柿子捏算什么男人！,abuse
白人就是这样 残忍但是冠冕堂皇 就是人性吧 黑人是真的惨 毕竟唐朝也有黑人奴隶 都是一些胡商贩卖到中国的,abuse
这回答真实，种族歧视就是种族歧视。。。这评论下就有不少黑人种族不行的回复，你双标就是双标！还为此洗地就令人恶心了,abuse
没有夸美国喷子，没有夸香港暴徒，只是希望中国人看到别人丑恶的嘴脸后能尽量不要成为别人。,abuse
主页动态里都是擦边写真，看完记得删。,sexual
为什么比较负责任的企业就是台湾人开的？,abuse
自以为聪明的我，被河南人骗过2次。看到被人别河南人骗过，一起坐黑车。（他自己说是河南人，我在外面多年，对每个地方的口音基本也都能分辨）,abuse
胡说，他们才是种族主义者，歧视我们，压迫我们，我们要抄起一切家伙反抗黑人种族主义者~,abuse
这也不是地域黑的问题，是她的三观有问题，看不起自己的家乡，是谁给你这样的自信，我现在的宿舍也有河南人，人家就从来不觉得自己的家乡怎么怎么不好,abuse
上来就黑东北，举报了,abuse
这个版本的售后体验比之前顺畅很多，后面可以继续跟进。,normal
私信聊更刺激的话题，这边有私密照片，主页还有更多。,sexual
想看私密内容的来找我，想看成人视频就私聊，懂的自己来。,sexual
懂的来主页看图，想看成人视频就私聊，看完记得删。,sexual
想看私密内容的来找我，想看约会暗示就私聊，懂的自己来。,sexual
这个版本的讲解节奏用起来挺舒服，今天终于顺利跑通了。,normal
这个版本的操作流程比之前顺畅很多，今天终于顺利跑通了。,normal
这篇教程的包装细节比之前顺畅很多，今天终于顺利跑通了。,normal
你一点也不偏激，贤惠这样的词真的是什么好词吗？,abuse
“黑人犯罪率高是不是因为他们天生蠢呢？”,abuse
加vxdo4934，了解代理项目，稳定回本。,ad
加入返利活动的可以私信留联系方式 mgq2490，今天截止。,ad
维护权利成了打压，你这么爱台湾？？？让国际组织存在中国和台湾并列？？？,abuse
这篇教程的售后体验明显更稳定了，比上次版本好不少。,normal
想看福利视频的私聊，这边有暧昧聊天，主页还有更多。,sexual
这个页面的包装细节比之前顺畅很多，今天终于顺利跑通了。,normal
还有强奸女生只要没练过力气肯定比男的小！男女小时候容易被拐卖！！女孩子长大也容易被拐卖！,abuse
做校园代理的私聊我，代写作业接急单，支持远程操作，新手也能做。,ad
今晚可以单独约，这边有私密照片，看完记得删。,sexual
咨询清仓处理的可以vx联系 bkc7500，长期可做。,ad
加微zom5794，代写作业接急单，手把手带。,ad
评论区有人卖约会暗示，想看的自己私聊，评论区别问太细。,sexual
这首歌在台湾造成的影响超级大，路上抓十个来问有九个会说是不能自己，就连新闻说正确的也不多。类似的还有低绮户、徘徊，这些歌我都能避就避，一听就恶心。,abuse
你觉得是拿枪的警察受迫害的风险比黑人受迫害的风险大？ 你只是站在了警察的立场上考虑问题， 是我理解错了还是你有失偏颇,abuse
这个直播间总在暗示私密照片，想看的自己私聊，主页还有更多。,sexual
这家店的服务的包装细节明显更稳定了，适合日常使用。,normal
这个账号一直在发私房图，想看的自己私聊，看完记得删。,sexual
想赚钱的私聊我，低价拿货，支持远程操作，今天截止。,ad
你以为黑人真的是这样？别天真的，他喝多还要打人呢，,abuse
做校园代理的看我主页，领取优惠券，量大优惠。,ad
今晚可以单独约，这边有成人视频，看完记得删。,sexual
如果因为在网上说河南人偷井盖在现实里被河南人打了，建议你去报警。地域歧视不是使用暴力的理由。同时对方的错误也不能证明你的正确。,abuse
今晚可以单独约，这边有暧昧聊天，看完记得删。,sexual
这个账号一直在发暧昧聊天，想看的自己私聊，晚上更精彩。,sexual
东北人打过我爸爸。我爸爸是河南人。 东北人在河南开店 如一坊豆捞 多次殴打顾客。骗人的话，我是王八！,abuse
评论区有人卖私房图，不方便公开说。,sexual
这次直播的加载速度明显更稳定了，今天终于顺利跑通了。,normal
这次直播的稳定性明显更稳定了，适合日常使用。,normal
vx联系bkc7500，加入返利活动，长期可做。,ad
这个课程的稳定性明显更稳定了，适合日常使用。,normal
今天的会议的讲解节奏用起来挺舒服，后面可以继续跟进。,normal
这个功能的音质表现明显更稳定了，准备继续用一段时间。,normal
您又在偷换概念，我跟您讨论白人、黑人哪个高贵了吗？我的论点是：“种族歧视”跟所谓“地域歧视”本质上不同。,abuse
这家店的服务的稳定性比之前顺畅很多，准备继续用一段时间。,normal
河南，确实没好感,abuse
这次直播的交互反馈比之前顺畅很多，后面可以继续跟进。,normal
客服回复很快，已经帮我处理退款了。,normal
想赚钱的看我主页，低价拿货，今天截止。,ad
这个版本的操作流程明显更稳定了，后面可以继续跟进。,normal
今天的会议的加载速度用起来挺舒服，比上次版本好不少。,normal
安徽人就是尴尬，没存在感，但是我在南方生活无压力，一过淮河就不习惯了，看到馒头就恶心,abuse
有人在群里推成人资源，想看的自己私聊，评论区别问太细。,sexual
这款耳机的交互反馈用起来挺舒服，适合日常使用。,normal
完全不一样，河不河南人是按地域分的，靠努力没法改变。是不是垃圾学生是他自己考出来的,abuse
加入返利活动这边长期有，需要副业的可做，不方便公开展开说。,ad
这份方案的整体设计用起来挺舒服，后面可以继续跟进。,normal
这款耳机的音质表现明显更稳定了，准备继续用一段时间。,normal
我的天呢，山东什么风评？搞得好像你这个外省人知道一样，你这就像外国人没来过中国，总觉得中国很落后一个样,abuse
以及按您这个普通老百姓的逻辑，请不要对黑人有恶意，下次看见这样的男性记得制止，因为如果以犯罪率为由攻击扬言驱逐黑人，那么男性的被驱逐资格也是够的。,abuse
今晚可以单独约，这边有约会暗示，看完记得删。,sexual
这个课程的操作流程用起来挺舒服，比上次版本好不少。,normal
抱抱楼主加油，这种渣男真是太恶心了，你也要变优秀把眼睛擦亮了，然后找个好男人,abuse
今天的会议的交互反馈比之前顺畅很多，比上次版本好不少。,normal
做校园代理的看我主页，加入返利活动，稳定回本。,ad
加微cyd7873，加入返利活动，新手也能做。,ad
这家店的服务的稳定性明显更稳定了，今天终于顺利跑通了。,normal
需要副业的看我主页，购买涨粉引流服务，新手也能做。,ad
看到那么多人给你回复。就不理解好多人说上海人排外,abuse
这个课程的操作流程比之前顺畅很多，今天终于顺利跑通了。,normal
评论区有人卖成人资源，想看的自己私聊，评论区别问太细。,sexual
加入返利活动的可以vx联系 bkc7500，长期可做。,ad
这个功能的讲解节奏用起来挺舒服，今天终于顺利跑通了。,normal
这个功能的售后体验用起来挺舒服，适合日常使用。,normal
这个功能的响应效率明显更稳定了，适合日常使用。,normal
是咯，女性被强奸就怪人家穿的少，学生被强奸就怪人家裙子短，直男癌就是有各种理由,abuse
严重，我只说一点。 “本问题下百分之九十的回答都是在说女生受到的歧视，男生所受到的性别歧视根本没有人重视和深思。,abuse
身为一个河南人，我自己都不知道河南人偷井盖这一说是怎么来的,abuse
古巴黑人犯罪率低？知乎上边还有古巴华侨说当地华人圈子里大部分的偷盗类犯罪都跟黑人有关系呢，你说我是信你呢还是信他们呢[好奇],abuse
同卸载，这个狗屁玩意真的是无良媒体。为了流量各种带节奏，各种地域黑，黑完河南黑东北，真的不要脸。,abuse
私信聊更刺激的话题，还能继续发成人资源，主页还有更多。,sexual
主页动态里都是约会暗示，看完记得删。,sexual
不方便公开聊的内容私下说，这边有私密照片，只发熟人。,sexual
想看福利视频的私聊，这边有福利视频，主页还有更多。,sexual
想看福利视频的私聊，想看约会暗示就私聊，主页还有更多。,sexual
这份方案的讲解节奏明显更稳定了，准备继续用一段时间。,normal
咨询清仓处理的可以加v xdo4934，稳定回本。,ad
想赚钱的私聊我，加入返利活动，支持远程操作，当天结算。,ad
私聊里会继续发暧昧聊天，看完记得删。,sexual
这家店的服务的音质表现用起来挺舒服，比上次版本好不少。,normal
评论区留vgne8259，低价拿货，名额有限。,ad
河南人做好事他们瞎眼，有几个坏蛋那就河南人全是坏蛋,abuse
这个页面的整体设计比之前顺畅很多，准备继续用一段时间。,normal
从小就认识好多四川人，MMP算不上好脏。一般骂人还不是直接MMP，常见的是MMMP，MMSP。或者是前面加个第二人称,abuse
懂的来主页看图，还能继续发私密照片，看完记得删。,sexual
这家店的服务的响应效率用起来挺舒服，后面可以继续跟进。,normal
购买涨粉引流服务的可以vx联系 gne8259，名额有限。,ad
低价拿货这边长期有，想赚钱的可做，当天就能开始。,ad
100个河南人能有一个偷井盖吗？还不是被黑了这么久，这些小留学生以后是香蕉人的比例肯定不低吧，怎么就能免喷呢,abuse
反对种族入侵+反对黑人因为黑人素质低，难道其他素质高的外族就可以入侵了？建议修改逻辑。要反种族入侵就好好反对一切外族入侵，,abuse
针对她的公然辱华言论，底下的亚裔们应该有权利抗议。而且，这也表明了该学校典礼发言制度有缺陷,abuse
加微信ods3917，咨询清仓处理，手把手带。,ad
明治也有这么恶心事么。庆应恶心的全是台湾人。,abuse
不方便公开聊的内容私下说，这边有暧昧聊天，只发熟人。,sexual
需要副业的看我主页，了解代理项目，量大优惠。,ad
中年油腻的老男人说这种话也不掂量掂量自己！如果是我自己说这种话会自己感到恶心羞耻,abuse
这个直播间总在暗示约会暗示，主页还有更多。,sexual
这个功能的交互反馈明显更稳定了，比上次版本好不少。,normal
这次直播的包装细节用起来挺舒服，比上次版本好不少。,normal
这可是外国的童话啊，怎么可能侮辱女性？答主一定是在反讽，真正的女拳从来不打外国人,abuse
想约的话晚上来找我，这边有私房图，晚上更精彩。,sexual
只讲了现象，完全没提到原因，黑人是天生的混乱，愚昧，叛逆，暴力的吗？不讲产生问题的根源，,abuse
评论区留vcyd7873，购买涨粉引流服务，新手也能做。,ad
其实你仔细想想，对女生又何尝不是呢女生自己一个人，男朋友离得这么远，男朋友根本起不到任何作用，需要的时候他都不在，他以这样的理由提分手挺自私的,abuse
悲哀的是，这个辱骂中国人的***，不但没被驱逐出境，,abuse
想看私密内容的来找我，想看擦边写真就私聊，懂的自己来。,sexual
那这个骗枪的到底是男是女？,abuse
主页动态里都是成人资源，想看的自己私聊，看完记得删。,sexual
这个页面的加载速度明显更稳定了，今天终于顺利跑通了。,normal
加入返利活动这边长期有，做校园代理的可做，有兴趣直接来问。,ad
有人在群里推约会暗示，想看的自己私聊，评论区别问太细。,sexual
这篇教程的操作流程用起来挺舒服，比上次版本好不少。,normal
这个功能的包装细节明显更稳定了，后面可以继续跟进。,normal
私信留联系方式bkc7500，领取优惠券，长期可做。,ad
想看私密内容的来找我，还能继续发成人视频，懂的自己来。,sexual
加v:zbs4949，低价拿货，细节私聊再说。,ad
评论区留vqxl7957，加入返利活动，量大优惠。,ad
这个功能的响应效率用起来挺舒服，准备继续用一段时间。,normal
咨询清仓处理这边长期有，做校园代理的可做，有兴趣直接来问。,ad
咨询清仓处理的可以加微 cyd7873，新手也能做。,ad
不方便公开聊的内容私下说，还能继续发福利视频，只发熟人。,sexual
了解代理项目的可以加微 cyd7873，新手也能做。,ad
因为知道自己要面对的是一个充满留言蜚语和恶意的社会，是一个对同性恋极度不友好的世界。,abuse
额...台湾真的很落后...不明白他们为什么嘲笑大陆,abuse
君子不立于危墙下，反驳者不是坏就是蠢，真的想强奸你们肯定先打一顿再说，别用法律挑战人性，别用脑袋质疑进化论，男女天生有别。,abuse
这篇教程的包装细节用起来挺舒服，比上次版本好不少。,normal
跟几个哥们儿喝酒，一致认为性别歧视太严重了，身为男的，,abuse
这次更新的稳定性用起来挺舒服，准备继续用一段时间。,normal
私聊里会继续发私房图，想看的自己私聊，评论区别问太细。,sexual
加微信jll3530，领取优惠券，新手也能做。,ad
今天的会议的加载速度明显更稳定了，后面可以继续跟进。,normal
这次直播的交互反馈用起来挺舒服，适合日常使用。,normal
国内攻击歧视黑人，就有可能导致在非洲做生意的中国人被报复。,abuse
今天的会议的音质表现比之前顺畅很多，准备继续用一段时间。,normal
没有歧视亚裔的部分，这不正确,abuse
今天的会议的响应效率用起来挺舒服，今天终于顺利跑通了。,normal
这个账号一直在发私密照片，想看的自己私聊，晚上更精彩。,sexual
代写作业接急单的可以加微信 bkc7500，长期可做。,ad
这家店的服务的稳定性用起来挺舒服，后面可以继续跟进。,normal
这次更新的讲解节奏比之前顺畅很多，适合日常使用。,normal
了解代理项目的可以加v xdo4934，稳定回本。,ad
有人在群里推成人资源，评论区别问太细。,sexual
这个功能的整体设计比之前顺畅很多，准备继续用一段时间。,normal
大部分外国人都是仇视华人的，看不起华人的，所以不要总是去舔！直接揍他！在我们的土地上还能被他辱骂？,abuse
这家店的服务的响应效率明显更稳定了，今天终于顺利跑通了。,normal
这句话和我讨厌黑人，但我不是种族主义异曲同工之妙啊,abuse
啥都让女人背锅，男人不检点做错事也是女人的错。,abuse
这篇教程的交互反馈用起来挺舒服，适合日常使用。,normal
想赚钱的私聊我，咨询清仓处理，支持远程操作，当天结算。,ad
这次更新的售后体验用起来挺舒服，适合日常使用。,normal
恶心的没看完，中年男被评价为不讲卫生者,abuse
想赚钱的私聊我，咨询兼职日结，支持远程操作，当天结算。,ad
不方便公开聊的内容私下说，还能继续发擦边写真，只发熟人。,sexual
孩子这次考试进步很大，继续加油。,normal
低价出售账号，有需要的联系我。,ad
这个页面的响应效率用起来挺舒服，准备继续用一段时间。,normal
评论区留v:qxl7957，了解代理项目，有兴趣直接来问。,ad
朋友推荐的餐厅味道还可以。,normal
这套键盘的包装细节明显更稳定了，后面可以继续跟进。,normal
私信聊更刺激的话题，想看成人视频就私聊，主页还有更多。,sexual
需要副业的可以来咨询，了解代理项目，不方便公开展开说。,ad
是没祸害，但演员也不是ginger……既然金发演员可以染红发，那白人涂黑脸扮黑人为什么不行[思考],abuse
对对对，你说的对，铁人在美队三没被黑人妇女杀死是主角光环咯，你造出来的奥创把索克威亚都打烂了，这些人都应该去报复铁人。最好是舆论让他自杀对不对。。为家人报仇嘛。,abuse
需要副业的看我主页，代写作业接急单，稳定回本。,ad
我一直不喜欢黑人，特别是他们在校园对我吹口哨的时候，特别讨厌,abuse
评论区有人卖擦边写真，想看的自己私聊，评论区别问太细。,sexual
如果是强奸，恨男的。这种通奸的，恨女的没错啊,abuse
这和男人婚前跪舔婚后翻身一样嘛。男女都别指望在婚姻里找到从一而终的仆人，这是不合理的。,abuse
这个版本的整体设计明显更稳定了，今天终于顺利跑通了。,normal
这次直播的售后体验明显更稳定了，比上次版本好不少。,normal
这份方案的音质表现用起来挺舒服，今天终于顺利跑通了。,normal
主页动态里都是约会暗示，想看的自己私聊，看完记得删。,sexual
这家店的服务的讲解节奏明显更稳定了，后面可以继续跟进。,normal
兄弟不看微博呀当晚挨打的和打人的都被带回派出所调查两人轻微伤摸屁股的白衣男子因猥亵被拘留15天打人的不负刑事责任估计就是民事赔偿,abuse
她主页全是福利视频，想看的自己私聊，不方便公开说。,sexual
私聊里会继续发成人视频，想看的自己私聊，看完记得删。,sexual
就武汉水平，什么软实力，别说那些虚的，台湾人恶心到死。就看硬实力没那么大争议。,abuse
需要副业的可以来咨询，咨询清仓处理，不方便公开展开说。,ad
私聊里会继续发私密照片，看完记得删。,sexual
中国人不像白人似的奴役过黑人，骂了就骂了。说到种族歧视，亚裔在美应该是被歧视的最严重的。,abuse
今天的会议的交互反馈明显更稳定了，适合日常使用。,normal
私信聊更刺激的话题，这边有私房图，晚上更精彩。,sexual
加微信ods3917，了解代理项目，手把手带。,ad
再反转一下，如果在山东，山东警察会将原受害者定性为劫匪，放掉真劫匪，关押假劫匪。我是山东人，就黑山东了。换言之不是抢劫是同学之间矛盾，老师也会不分事理了,abuse
领取优惠券的可以QQ咨询 gne8259，名额有限。,ad
这份方案的响应效率比之前顺畅很多，比上次版本好不少。,normal
你的这种描述过于一厢情愿，就像《飘》里面把黑人描述成南北战争的牺牲品和反抗北方军队的主力军一样。,abuse
不方便公开聊的内容私下说，想看擦边写真就私聊，只发熟人。,sexual
扫码进群gne8259，了解代理项目，名额有限。,ad
假的，都是假的，华人在美国都是奴隶,abuse
不信？，非洲大部分黑人到现在都认为枪能杀人是白人的巫术。我也是看来的，你也看到过黑人开枪的姿势吧。,abuse
私信聊更刺激的话题，还能继续发暧昧聊天，主页还有更多。,sexual
评论区留vqxl7957，了解代理项目，量大优惠。,ad
宛如黑人问题，人种是没问题，但是人家犯罪率高呀,abuse
懂的来主页看图，还能继续发擦边写真，看完记得删。,sexual
看见黑人就觉得心烦，好吃懒做，留在中国干什么,abuse
购买涨粉引流服务的可以私信留联系方式 zbs4949，当天结算。,ad
有人在群里推私房图，不方便公开说。,sexual
想看福利视频的私聊，这边有私密照片，主页还有更多。,sexual
私信留联系方式:bkc7500，领取优惠券，适合学生和宝妈。,ad
明天要交周报，我先整理下数据。,normal
合着那些人就是主流？现实中有几个人敢这样大放厥词，搞种族歧视，有几个人说印度人越南人是劣等民族？,abuse
这份方案的交互反馈比之前顺畅很多，后面可以继续跟进。,normal
这次直播的整体设计比之前顺畅很多，准备继续用一段时间。,normal
这次更新的交互反馈明显更稳定了，比上次版本好不少。,normal
领取优惠券的可以加微 xdo4934，稳定回本。,ad
这个课程的稳定性比之前顺畅很多，比上次版本好不少。,normal
现在说的情商低直男癌啊。,abuse
这次直播的讲解节奏比之前顺畅很多，适合日常使用。,normal
咨询兼职日结的可以QQ咨询 zbs4949，当天结算。,ad
这家店的服务的音质表现明显更稳定了，后面可以继续跟进。,normal
加微信ods3917，加入返利活动，手把手带。,ad
这个直播间总在暗示私密照片，主页还有更多。,sexual
为什么我从一开始就觉得很讽刺呢，何来浪漫啊，两个女人，都辜负了。妻子最无辜的那个，情人和出轨男人一样恶心。但不耽误她被辜负的事实。,abuse
私信聊更刺激的话题，想看成人资源就私聊，主页还有更多。,sexual
私聊里会继续发成人资源，看完记得删。,sexual
老哥，不要一帮子打死天津北京人，但是天津南开百脑汇99.9都是骗子,abuse
主页动态里都是私房图，想看的自己私聊，评论区别问太细。,sexual
性词汇的侮辱，答主觉得对男性和女性的杀伤力是一样的吗,abuse
说那个时代的中国落后愚昧麻木一点问题都没有，但将问题归结为中国人这个种族有问题，智力低下，这就是种族歧视,abuse
有人在群里推擦边写真，想看的自己私聊，评论区别问太细。,sexual
这个功能的响应效率比之前顺畅很多，比上次版本好不少。,normal
需要副业的私聊我，加入返利活动，支持远程操作，量大优惠。,ad
最近老有人在私发暧昧聊天，晚上更精彩。,sexual
今天的会议的操作流程比之前顺畅很多，后面可以继续跟进。,normal
私信聊更刺激的话题，还能继续发擦边写真，主页还有更多。,sexual
注意看答案：城乡二元制与对女性的歧视双重交叉。答主并没有否定阶级矛盾，阶级矛盾也可以和性别歧视共同存在，懂？,abuse
那你后面没扯男权女权吗，还女权借此欺压男性，真的搞笑，为什么会有女权，还不是社会对女性不公。那我每次都在家暴出轨下面说男的怎么怎么恶心，你乐意吗。,abuse
这份方案的加载速度明显更稳定了，今天终于顺利跑通了。,normal
想看私密内容的来找我，想看福利视频就私聊，懂的自己来。,sexual
这个账号一直在发成人视频，晚上更精彩。,sexual
懂的来主页看图，想看约会暗示就私聊，看完记得删。,sexual
提河南人偷井盖是此地无银三百两吗？什么素质？,abuse
想约的话晚上来找我，想看私密照片就私聊，主页还有更多。,sexual
这份方案的整体设计明显更稳定了，今天终于顺利跑通了。,normal
私聊里会继续发福利视频，想看的自己私聊，看完记得删。,sexual
说一个男的娘娘腔并不算歧视啊...,abuse
这个版本的响应效率明显更稳定了，适合日常使用。,normal
这份方案的响应效率明显更稳定了，适合日常使用。,normal
上海真的是个很聒噪的城市，我到上海出差，骑个电单车出门，五公里遇到三组吵架的，各种心高气傲看不起外地人，这个答主明显上海小市民形象很典型了。,abuse
主页动态里都是暧昧聊天，看完记得删。,sexual
开玩笑，出了东北就不能继续黑东北人了？,abuse
需要副业的看我主页，咨询清仓处理，量大优惠。,ad
做校园代理的可以来咨询，低价拿货，懂行的都知道。,ad
不方便公开聊的内容私下说，还能继续发成人视频，只发熟人。,sexual
现在英国犯罪率升高都是黑人干的，英国恐惧袭击增高都是因为穆斯林人口导致的。英国经济倒退都是东欧移民导致的。种族主义者总有借口。,abuse
扫码进群zbs4949，代写作业接急单，当天结算。,ad
这套键盘的交互反馈明显更稳定了，比上次版本好不少。,normal
这个页面的稳定性用起来挺舒服，准备继续用一段时间。,normal
这次直播的音质表现比之前顺畅很多，适合日常使用。,normal
不方便公开聊的内容私下说，这边有成人资源，只发熟人。,sexual
有人在群里推福利视频，评论区别问太细。,sexual
这家店的服务的交互反馈明显更稳定了，准备继续用一段时间。,normal
懂的来主页看图，想看擦边写真就私聊，看完记得删。,sexual
像这些找黑人做男朋友的女人，估计精神都不太正常，太TM恶心了,abuse
"别说了,就是歧视黑人,因为物种不同,本能而已",abuse
"为什么黑人女性不反抗起来，把男人弄,死。或者生个男孩把他小羞羞剪了，",abuse
女答主不敢问，我一个女性朋友想去但是她从网上查瑞典的强奸率很高不敢去是真的吗？,abuse
今晚可以单独约，还能继续发福利视频，看完记得删。,sexual
加微:cyd7873，咨询清仓处理，当天就能开始。,ad
vx联系bkc7500，了解代理项目，长期可做。,ad
不方便公开聊的内容私下说，想看暧昧聊天就私聊，只发熟人。,sexual
有人在群里推成人视频，评论区别问太细。,sexual
想看福利视频的私聊，这边有成人视频，主页还有更多。,sexual
加vqxl7957，领取优惠券，量大优惠。,ad
山东的规定真真恶心，这个国家也不管，侵害摩托爱好者的权益,abuse
想看私密内容的来找我，想看成人资源就私聊，懂的自己来。,sexual
美国白人不是圣母，当他们受到真正的威胁后根本不在乎再来一次印第安作业，同样的配方不同的对象。,abuse
黑人团结起来，反抗腐朽的白人政府,abuse
评论区留vzbs4949，领取优惠券，当天结算。,ad
她主页全是私密照片，想看的自己私聊，不方便公开说。,sexual
需要副业的可以来咨询，低价拿货，适合学生和宝妈。,ad
这次更新的讲解节奏用起来挺舒服，今天终于顺利跑通了。,normal
这家店的服务的交互反馈用起来挺舒服，今天终于顺利跑通了。,normal
了解代理项目这边长期有，做校园代理的可做，有兴趣直接来问。,ad
这次更新的包装细节明显更稳定了，后面可以继续跟进。,normal
人家也没说黑人不好，怎么到你嘴里就默认歧视黑人了呢？,abuse
所以日本男人在世界上不受欢迎，个子矮就算了要求还这么多,abuse
加入返利活动的可以QQ咨询 zbs4949，当天结算。,ad
这篇教程的稳定性用起来挺舒服，准备继续用一段时间。,normal
加v:xdo4934，了解代理项目，细节私聊再说。,ad
原来有梗 说河南人都是骗子,abuse
领取优惠券的可以评论区留v zbs4949，当天结算。,ad
你嫁给黑人了不就是黑人的同胞吗？,abuse
今天把周报写完了，准备下班回家。,normal
这次更新的操作流程比之前顺畅很多，今天终于顺利跑通了。,normal
评论区留v:zbs4949，领取优惠券，有兴趣直接来问。,ad
私信留联系方式mgq2490，咨询兼职日结，今天截止。,ad
想赚钱的可以来咨询，购买涨粉引流服务，有兴趣直接来问。,ad
真的讨厌东北没素质的人,abuse
加微信:ods3917，了解代理项目，细节私聊再说。,ad
咦 这个男的和那个给 号的女的都恶心死了,abuse
想看福利视频的私聊，还能继续发私房图，晚上更精彩。,sexual
QQ咨询:xdo4934，购买涨粉引流服务，不方便公开展开说。,ad
哎，进一步落后。。。可怜的江西。。。,abuse
这次更新的整体设计明显更稳定了，今天终于顺利跑通了。,normal
这次直播的讲解节奏明显更稳定了，准备继续用一段时间。,normal
你们自己调侃自己的省会，你以为我们安徽人这么说的嘛？明明听起来很恶心的名字非说我们安徽人自己给自己脸上贴金。,abuse
了解代理项目这边长期有，需要副业的可做，不方便公开展开说。,ad
想约的话晚上来找我，还能继续发约会暗示，主页还有更多。,sexual
明明这个男的语气表情都很恶心，要是女的语气表情和这个男的一样肯定也会很恶心,abuse
想看私密内容的来找我，还能继续发私密照片，懂的自己来。,sexual
私信聊更刺激的话题，这边有暧昧聊天，主页还有更多。,sexual
不方便公开聊的内容私下说，这边有福利视频，只发熟人。,sexual
这次更新的操作流程用起来挺舒服，比上次版本好不少。,normal
低价拿货的可以私信留联系方式 ods3917，手把手带。,ad
黑人食品，就好像你和河南朋友在路边摊吃饭，正好有个马扎座位下是井盖，你无意间让他坐在那上面的马扎座位上，你朋友肯定嘀咕一声一样。,abuse
说到炒菜特别想吐槽，我家东北的，我一直不能理解我妈做的菜太多了实在是。然后吃三四天，一共就两三口人。不能少做一点吗？最后吃的恶心了扔掉。又傻又浪费……,abuse
今晚可以单独约，还能继续发私密照片，看完记得删。,sexual
想看私密内容的来找我，想看暧昧聊天就私聊，懂的自己来。,sexual
我说各老爷们就是闲得慌，这些女的爱怎么穿怎么穿好了，你说句话就是直男癌，看一眼就是油腻男，动不动就女权警告。,abuse
咨询兼职日结的可以加微信 ods3917，手把手带。,ad
物流速度可以，包装也没有破损。,normal
评论里对找白男的亚女还真是恶毒。找白男就被说的是倒贴，白找亚女就是歧视。,abuse
这个版本的交互反馈明显更稳定了，比上次版本好不少。,normal
想赚钱的可以来咨询，了解代理项目，懂行的都知道。,ad
需要副业的私聊我，购买涨粉引流服务，支持远程操作，新手也能做。,ad
想看福利视频的私聊，想看私密照片就私聊，主页还有更多。,sexual
男的杀妻子才判几年，女的杀丈夫判几年，请自行百度,abuse
咨询清仓处理这边长期有，想赚钱的可做，懂行的都知道。,ad
咨询兼职日结的可以加v xdo4934，稳定回本。,ad
想约的话晚上来找我，想看成人视频就私聊，主页还有更多。,sexual
这也能黑东北，知乎的喷子也是没谁了。,abuse
今天的会议的操作流程明显更稳定了，比上次版本好不少。,normal
做校园代理的看我主页，购买涨粉引流服务，手把手带。,ad
想赚钱的可以来咨询，咨询清仓处理，懂行的都知道。,ad
这份方案的稳定性用起来挺舒服，准备继续用一段时间。,normal
想赚钱的看我主页，咨询兼职日结，当天结算。,ad
评论区有人卖私密照片，想看的自己私聊，评论区别问太细。,sexual
这个功能的加载速度明显更稳定了，今天终于顺利跑通了。,normal
别的不说，这年头是个女的就不缺跪舔，知乎卖肉帖可比干货帖刷粉容易。,abuse
加微信:jll3530，领取优惠券，细节私聊再说。,ad
如何用一句话反智兼歧视女性。 好吧我不是上纲上线我就是这种回复看多了觉得不太舒服。,abuse
不是，你开篇里说的北方的灾害什么的 ，北京周边人口数量减少那么多，想想就很恐怖。我是山东人,abuse
想约的话晚上来找我，这边有暧昧聊天，主页还有更多。,sexual
四川人为了骗人吃辣，已经不择手段了么,abuse
现在知道换位思考了？白种人歧视黄种人的时候你可有站出来让他们换位思考？,abuse
懂的来主页看图，这边有福利视频，看完记得删。,sexual
不但山东，全国都有这些病。越落后地方病得可能还越重。,abuse
这家店的服务的整体设计用起来挺舒服，适合日常使用。,normal
主角是黑人，所以我给零分，不是黄种人我不爱看，坚决抵制,abuse
黑人真的长得不好看，连黑人模特我都觉得不在我的审美点上,abuse
这次直播的音质表现明显更稳定了，准备继续用一段时间。,normal
我说一句四川人爱吃辣就是搞地域对立了？你所谓地域黑都是贬义词好吗？爱喝酒是贬义词了？只有酒桌文化那种才是贬义词好吗？偷换概念搞得很顺啊哈？,abuse
这份方案的操作流程比之前顺畅很多，今天终于顺利跑通了。,normal
扫码进群:gne8259，咨询兼职日结，懂行的都知道。,ad
代写作业代做PPT，接急单。,ad
需要副业的私聊我，咨询清仓处理，支持远程操作，量大优惠。,ad
QQ咨询zbs4949，咨询兼职日结，当天结算。,ad
有传统卫道士把LGBT当“罪名”就会有平权包容侠把LGBT当“金牌”相辅相成。,abuse
这个页面的交互反馈明显更稳定了，比上次版本好不少。,normal
想赚钱的看我主页，了解代理项目，当天结算。,ad
私聊里会继续发私密照片，想看的自己私聊，看完记得删。,sexual
私信聊更刺激的话题，这边有擦边写真，主页还有更多。,sexual
领取优惠券这边长期有，想赚钱的可做，适合学生和宝妈。,ad
这个账号一直在发私密照片，晚上更精彩。,sexual
这次直播的整体设计明显更稳定了，今天终于顺利跑通了。,normal
懂的来主页看图，想看私密照片就私聊，看完记得删。,sexual
为什么炸？ 因为贤惠没有价值。,abuse
这家店的服务的售后体验明显更稳定了，准备继续用一段时间。,normal
这份方案的操作流程用起来挺舒服，比上次版本好不少。,normal
购买涨粉引流服务的可以加v zom5794，手把手带。,ad
想看私密内容的来找我，还能继续发福利视频，懂的自己来。,sexual
加入返利活动这边长期有，想赚钱的可做，懂行的都知道。,ad
地域黑？新疆人怎么了？,abuse
闽南人的后裔基本就是，宗族观念，排外，不把女人当人看，台湾人也是这样，垃圾的很,abuse
想看福利视频的私聊，还能继续发私密照片，主页还有更多。,sexual
评论区有人卖成人视频，想看的自己私聊，评论区别问太细。,sexual
代写作业接急单的可以加微 zom5794，手把手带。,ad
这个版本的讲解节奏明显更稳定了，准备继续用一段时间。,normal
谁认识他妻子，告诉这个曾经瞎了眼的女人抓紧离婚。这种垃圾男人一分钟也不能在一起生活！,abuse
想约的话晚上来找我，这边有福利视频，主页还有更多。,sexual
华人才是最受歧视的，在他们眼里黑人，女人，胖子，残障人士…都是人，华人不是,abuse
再者北京被杀的人少吗？你要说少恐怕人家棺材盖都压不住了，哦还有抢劫最高也是死刑，何况人家抢的还是皇宫里的,abuse
今天的会议的音质表现明显更稳定了，今天终于顺利跑通了。,normal
今晚可以单独约，这边有私房图，评论区别问太细。,sexual
需要副业的看我主页，领取优惠券，当天结算。,ad
想看福利视频的私聊，这边有约会暗示，主页还有更多。,sexual
这个版本的包装细节比之前顺畅很多，今天终于顺利跑通了。,normal
这家店的服务的加载速度比之前顺畅很多，后面可以继续跟进。,normal
我是安徽人，我妈是湖南人。当时连安徽都歧视外省人，更别说外国人了。都是命啊！,abuse
这男人就是个变态。出轨而已就要杀人。杀人不说还只敢杀女的!杀女人不说，杀完了还把肉送给邻居吃。谁和他在一起倒了霉了。这么变态窝囊废难怪老婆出轨。,abuse
加入返利活动的可以扫码进群 gne8259，名额有限。,ad
这次更新的整体设计比之前顺畅很多，准备继续用一段时间。,normal
真的感觉以后打架或者要保护别人的时候，就应该像那个黑人男一样猛。,abuse
这个页面的操作流程明显更稳定了，后面可以继续跟进。,normal
加vzbs4949，低价拿货，当天结算。,ad
代写作业接急单的可以评论区留v xdo4934，稳定回本。,ad
这个功能的售后体验明显更稳定了，比上次版本好不少。,normal
男女平等，不打女人就说明歧视女人，所以男女该打都要打[发呆],abuse
